datetime,mean,std,Cluster,Cluster_Label
2021-01-01,271.5263157894737,169.58490774733616,1,Gunesli
2021-01-02,304.8421052631579,191.3429913816474,1,Gunesli
2021-01-03,226.57894736842104,190.34247374125806,1,Gunesli
2021-01-04,308.1578947368421,178.39477544601115,1,Gunesli
2021-01-05,260.1578947368421,145.93349442578847,0,Kapali
2021-01-06,319.7894736842105,173.09778191895805,1,Gunesli
2021-01-07,168.0,131.95201147892112,0,Kapali
2021-01-08,320.10526315789474,173.8421681158075,1,Gunesli
2021-01-09,109.26315789473684,75.5239786096392,0,Kapali
2021-01-10,289.3157894736842,175.49107373044458,1,Gunesli
2021-01-11,346.42105263157896,182.87163554723105,1,Gunesli
2021-01-12,304.89473684210526,189.91574001144184,1,Gunesli
2021-01-13,142.10526315789474,138.77195311286872,0,Kapali
2021-01-14,321.89473684210526,166.03543622332958,1,Gunesli
2021-01-15,333.4736842105263,173.1294853959033,1,Gunesli
2021-01-16,298.15,204.49328260747083,1,Gunesli
2021-01-17,216.3,148.9885548412502,0,Kapali
2021-01-18,177.3,111.81662619993881,0,Kapali
2021-01-19,321.95,200.29595865276858,1,Gunesli
2021-01-20,334.8,188.53077369909386,1,Gunesli
2021-01-21,100.4,70.92650013255012,0,Kapali
2021-01-22,309.1,192.61986015547768,1,Gunesli
2021-01-23,287.5,176.0411136189797,1,Gunesli
2021-01-24,280.7,201.5270910350582,1,Gunesli
2021-01-25,282.7,205.0710018249135,1,Gunesli
2021-01-26,100.8,70.94519753042893,0,Kapali
2021-01-27,361.25,217.81012373165763,1,Gunesli
2021-01-28,235.35,158.023074597551,0,Kapali
2021-01-29,338.15,198.2590742597064,1,Gunesli
2021-01-30,360.65,205.8201245850622,1,Gunesli
2021-01-31,390.3,202.05733943871633,1,Gunesli
2021-02-01,159.25,133.08282937210274,0,Kapali
2021-02-02,377.9,195.16441112154914,1,Gunesli
2021-02-03,253.0,178.27329699383648,1,Gunesli
2021-02-04,344.9,166.54757499538113,1,Gunesli
2021-02-05,255.1,167.68827596089372,1,Gunesli
2021-02-06,364.05,178.38263869971675,1,Gunesli
2021-02-07,413.55,201.81296056653937,1,Gunesli
2021-02-08,409.3,215.04591920894717,1,Gunesli
2021-02-09,390.95,212.14579768094444,1,Gunesli
2021-02-10,279.05,206.58335261813176,1,Gunesli
2021-02-11,366.54545454545456,240.76341425769334,1,Gunesli
2021-02-12,255.27272727272728,161.99005901838305,0,Kapali
2021-02-13,174.9090909090909,100.41433643180123,0,Kapali
2021-02-14,374.3636363636364,222.24044153306988,1,Gunesli
2021-02-15,418.27272727272725,253.85376026707107,1,Gunesli
2021-02-16,334.1363636363636,213.1251131444013,1,Gunesli
2021-02-17,86.95454545454545,68.12626741344567,0,Kapali
2021-02-18,296.6818181818182,217.91684442064383,1,Gunesli
2021-02-19,444.27272727272725,247.17897541547885,1,Gunesli
2021-02-20,355.95454545454544,216.07064040498804,1,Gunesli
2021-02-21,457.72727272727275,250.12438464133754,2,Kaotik
2021-02-22,452.22727272727275,246.1722068212726,1,Gunesli
2021-02-23,451.27272727272725,245.15751628740202,1,Gunesli
2021-02-24,339.27272727272725,263.83349399595295,1,Gunesli
2021-02-25,219.77272727272728,125.20038483821192,0,Kapali
2021-02-26,487.77272727272725,257.19178166129757,2,Kaotik
2021-02-27,395.04545454545456,204.55118750984633,1,Gunesli
2021-02-28,501.5,260.2115897276126,2,Kaotik
2021-03-01,497.59090909090907,253.40700540752692,2,Kaotik
2021-03-02,509.8181818181818,255.77382798529464,2,Kaotik
2021-03-03,501.6363636363636,251.20008065181926,2,Kaotik
2021-03-04,70.86363636363636,54.92964803970834,0,Kapali
2021-03-05,494.30434782608694,270.80678029355994,2,Kaotik
2021-03-06,487.7391304347826,272.6343234229696,2,Kaotik
2021-03-07,390.9130434782609,200.79567023661326,1,Gunesli
2021-03-08,266.3478260869565,221.89280964540515,1,Gunesli
2021-03-09,401.0869565217391,251.08146324603646,1,Gunesli
2021-03-10,443.1666666666667,307.3255838565244,2,Kaotik
2021-03-11,444.6666666666667,298.0343818313974,2,Kaotik
2021-03-12,62.75,37.675098453464734,0,Kapali
2021-03-13,63.916666666666664,47.712833627375595,0,Kapali
2021-03-14,98.66666666666667,66.62136141735208,0,Kapali
2021-03-15,462.5,279.27125663520883,2,Kaotik
2021-03-16,283.6666666666667,136.14910837073054,0,Kapali
2021-03-17,490.4166666666667,307.02994000255256,2,Kaotik
2021-03-18,531.6666666666666,293.628375993203,2,Kaotik
2021-03-19,526.1666666666666,288.0814598967311,2,Kaotik
2021-03-20,524.9166666666666,282.5290930254743,2,Kaotik
2021-03-21,252.16666666666666,168.48368948710853,1,Gunesli
2021-03-22,197.875,141.12261474088533,0,Kapali
2021-03-23,422.9166666666667,233.8094572912751,1,Gunesli
2021-03-24,380.72,239.90302207350368,1,Gunesli
2021-03-25,386.16,278.4585067833267,1,Gunesli
2021-03-26,329.36,199.49600664340792,1,Gunesli
2021-03-27,530.44,298.5390929174938,2,Kaotik
2021-03-28,383.12,233.78735352167078,1,Gunesli
2021-03-29,558.88,307.2681131086227,2,Kaotik
2021-03-30,381.2,249.26558794453226,1,Gunesli
2021-03-31,572.2,311.3252586390424,2,Kaotik
2021-04-01,569.68,307.93474958179047,2,Kaotik
2021-04-02,463.56,304.56623253407463,2,Kaotik
2021-04-03,570.96,304.3039160663781,2,Kaotik
2021-04-04,421.8,234.68418495217497,1,Gunesli
2021-04-05,364.04,197.61251647268364,1,Gunesli
2021-04-06,368.36,332.0796691558619,2,Kaotik
2021-04-07,552.64,307.3705526992895,2,Kaotik
2021-04-08,517.0769230769231,302.0338951941551,2,Kaotik
2021-04-09,548.1153846153846,312.4179670791136,2,Kaotik
2021-04-10,572.5769230769231,335.463043935027,2,Kaotik
2021-04-11,534.7307692307693,328.8634437200106,2,Kaotik
2021-04-12,336.55555555555554,214.47508970172763,1,Gunesli
2021-04-13,372.51851851851853,258.73707628377235,1,Gunesli
2021-04-14,370.48148148148147,319.91758197895166,2,Kaotik
2021-04-15,158.40740740740742,120.43487204526106,0,Kapali
2021-04-16,194.22222222222223,144.88120686467278,0,Kapali
2021-04-17,474.037037037037,299.1713531999656,2,Kaotik
2021-04-18,562.5925925925926,310.98383080144697,2,Kaotik
2021-04-19,179.88888888888889,134.09535451522584,0,Kapali
2021-04-20,500.4074074074074,265.3259619729402,2,Kaotik
2021-04-21,356.962962962963,274.41104506273365,1,Gunesli
2021-04-22,448.1111111111111,268.98818008537296,2,Kaotik
2021-04-23,397.51851851851853,244.75975196575152,1,Gunesli
2021-04-24,526.5925925925926,297.10957047206824,2,Kaotik
2021-04-25,539.074074074074,314.54814061369484,2,Kaotik
2021-04-26,498.48148148148147,285.52493766480364,2,Kaotik
2021-04-27,275.22222222222223,222.66175336203656,1,Gunesli
2021-04-28,319.55555555555554,259.82528646607796,1,Gunesli
2021-04-29,603.4074074074074,328.109299244493,2,Kaotik
2021-04-30,607.2962962962963,326.9026925101266,2,Kaotik
2021-05-01,489.74074074074076,285.50233632246176,2,Kaotik
2021-05-02,245.11111111111111,210.44080719606956,1,Gunesli
2021-05-03,120.66666666666667,71.54664965547357,0,Kapali
2021-05-04,434.17857142857144,299.4495015328193,2,Kaotik
2021-05-05,464.75,229.17882796014376,1,Gunesli
2021-05-06,606.8928571428571,340.54437240500624,2,Kaotik
2021-05-07,471.92857142857144,274.0401333910687,2,Kaotik
2021-05-08,457.2413793103448,328.5845895843493,2,Kaotik
2021-05-09,267.7931034482759,208.36187259366557,1,Gunesli
2021-05-10,109.03448275862068,92.24597659000817,0,Kapali
2021-05-11,127.41379310344827,102.43552579946474,0,Kapali
2021-05-12,588.5862068965517,346.8392502546985,2,Kaotik
2021-05-13,488.62068965517244,319.7527408341263,2,Kaotik
2021-05-14,377.58620689655174,261.0004812860067,1,Gunesli
2021-05-15,244.72413793103448,218.96769111833504,1,Gunesli
2021-05-16,174.17241379310346,96.42542231676,0,Kapali
2021-05-17,312.0344827586207,214.76423664079053,1,Gunesli
2021-05-18,250.9655172413793,161.23662353346685,0,Kapali
2021-05-19,535.1724137931035,343.63623509310764,2,Kaotik
2021-05-20,520.7241379310345,322.25975509469777,2,Kaotik
2021-05-21,362.1034482758621,249.92675281649827,1,Gunesli
2021-05-22,392.86206896551727,286.94234415121633,2,Kaotik
2021-05-23,526.7241379310345,282.81794959096464,2,Kaotik
2021-05-24,627.2758620689655,351.62346912487067,2,Kaotik
2021-05-25,616.8620689655172,351.1588696361491,2,Kaotik
2021-05-26,326.7931034482759,204.90980233653065,1,Gunesli
2021-05-27,618.1034482758621,346.8059713635263,2,Kaotik
2021-05-28,555.3448275862069,316.59971075048475,2,Kaotik
2021-05-29,399.3448275862069,309.3337628634977,2,Kaotik
2021-05-30,84.24137931034483,46.784196944522215,0,Kapali
2021-05-31,219.75862068965517,163.77415965120423,0,Kapali
2021-06-01,423.41379310344826,265.7805912027786,1,Gunesli
2021-06-02,586.2068965517242,327.18653256757995,2,Kaotik
2021-06-03,609.8965517241379,335.9489060671053,2,Kaotik
2021-06-04,624.7931034482758,341.3361748137065,2,Kaotik
2021-06-05,595.2413793103449,359.2916299741174,2,Kaotik
2021-06-06,374.3103448275862,244.6723907958027,1,Gunesli
2021-06-07,475.6896551724138,303.53443008381333,2,Kaotik
2021-06-08,609.1724137931035,344.94989998192045,2,Kaotik
2021-06-09,634.1379310344828,344.2551715700279,2,Kaotik
2021-06-10,562.3448275862069,325.37695456435813,2,Kaotik
2021-06-11,626.448275862069,340.75950738302396,2,Kaotik
2021-06-12,632.6551724137931,345.1680000751258,2,Kaotik
2021-06-13,561.6896551724138,357.48877139691655,2,Kaotik
2021-06-14,623.3448275862069,343.1676262476306,2,Kaotik
2021-06-15,627.1724137931035,346.33933287678576,2,Kaotik
2021-06-16,464.2413793103448,251.45372411133255,2,Kaotik
2021-06-17,475.2413793103448,307.0042641830908,2,Kaotik
2021-06-18,501.58620689655174,304.0579734713877,2,Kaotik
2021-06-19,362.82758620689657,267.5514728802555,1,Gunesli
2021-06-20,543.2758620689655,320.90340074676277,2,Kaotik
2021-06-21,403.3103448275862,232.2089735328128,1,Gunesli
2021-06-22,565.5172413793103,337.7461663829864,2,Kaotik
2021-06-23,424.8333333333333,254.3317251873655,1,Gunesli
2021-06-24,403.26666666666665,266.4899471913021,1,Gunesli
2021-06-25,371.8666666666667,317.13444699569357,2,Kaotik
2021-06-26,297.73333333333335,218.11621915270598,1,Gunesli
2021-06-27,395.8,312.3110076786302,2,Kaotik
2021-06-28,414.1666666666667,225.98032922226284,1,Gunesli
2021-06-29,399.1666666666667,343.09665706904525,2,Kaotik
2021-06-30,529.7666666666667,321.02773361055023,2,Kaotik
2021-07-01,360.8666666666667,279.9077105704336,1,Gunesli
2021-07-02,514.6896551724138,380.08702983172867,2,Kaotik
2021-07-03,524.5862068965517,295.02839055170114,2,Kaotik
2021-07-04,527.4827586206897,296.54373571552344,2,Kaotik
2021-07-05,470.0,374.3597391356532,2,Kaotik
2021-07-06,492.7586206896552,327.49380094159403,2,Kaotik
2021-07-07,612.6206896551724,337.02113263468294,2,Kaotik
2021-07-08,503.9655172413793,306.0182630822897,2,Kaotik
2021-07-09,460.2413793103448,331.9542411637499,2,Kaotik
2021-07-10,587.5172413793103,336.7295036385877,2,Kaotik
2021-07-11,599.0,339.6763165132359,2,Kaotik
2021-07-12,562.3448275862069,317.70036151133587,2,Kaotik
2021-07-13,346.7931034482759,293.8784223001002,1,Gunesli
2021-07-14,220.89655172413794,126.23457326614101,0,Kapali
2021-07-15,518.0344827586207,313.01990839911,2,Kaotik
2021-07-16,475.37931034482756,344.97478311497156,2,Kaotik
2021-07-17,532.7241379310345,354.08845712333,2,Kaotik
2021-07-18,590.8275862068965,334.97879132923345,2,Kaotik
2021-07-19,580.1034482758621,334.4683782648418,2,Kaotik
2021-07-20,549.3793103448276,340.8618712483635,2,Kaotik
2021-07-21,471.1034482758621,306.05605752023206,2,Kaotik
2021-07-22,521.0,355.6591466157289,2,Kaotik
2021-07-23,490.55172413793105,322.79400620728654,2,Kaotik
2021-07-24,407.62068965517244,294.36037361820667,2,Kaotik
2021-07-25,525.7931034482758,339.9045432502594,2,Kaotik
2021-07-26,575.0,335.7515024963722,2,Kaotik
2021-07-27,585.3448275862069,341.40814241085917,2,Kaotik
2021-07-28,573.7931034482758,338.17286147243277,2,Kaotik
2021-07-29,550.2758620689655,331.99482532022824,2,Kaotik
2021-07-30,550.75,330.9871458844599,2,Kaotik
2021-07-31,332.39285714285717,195.29281705053668,1,Gunesli
2021-08-01,455.5357142857143,303.2118782661608,2,Kaotik
2021-08-02,527.1071428571429,327.4843891428646,2,Kaotik
2021-08-03,338.7142857142857,307.3646473734845,1,Gunesli
2021-08-04,544.5357142857143,340.526224817355,2,Kaotik
2021-08-05,543.8214285714286,316.16662901322667,2,Kaotik
2021-08-06,357.5,247.94003157872524,1,Gunesli
2021-08-07,492.85714285714283,289.9248579898303,2,Kaotik
2021-08-08,542.8928571428571,322.26471052660054,2,Kaotik
2021-08-09,502.2142857142857,305.182199027359,2,Kaotik
2021-08-10,476.5,302.08736778915096,2,Kaotik
2021-08-11,567.2962962962963,314.3890063177262,2,Kaotik
2021-08-12,559.5555555555555,309.3499802107804,2,Kaotik
2021-08-13,521.0370370370371,319.9101414077062,2,Kaotik
2021-08-14,540.2592592592592,317.0011638649579,2,Kaotik
2021-08-15,416.6666666666667,268.73492802101765,1,Gunesli
2021-08-16,558.074074074074,313.9942338919282,2,Kaotik
2021-08-17,421.7037037037037,334.5962911669495,2,Kaotik
2021-08-18,515.3703703703703,320.3486259768288,2,Kaotik
2021-08-19,399.48148148148147,251.5163812328931,1,Gunesli
2021-08-20,552.2222222222222,317.96399570407743,2,Kaotik
2021-08-21,427.1111111111111,304.8437598979483,2,Kaotik
2021-08-22,527.3333333333334,304.60264153609893,2,Kaotik
2021-08-23,504.14814814814815,278.4159455678477,2,Kaotik
2021-08-24,553.2222222222222,314.3589733132555,2,Kaotik
2021-08-25,546.4444444444445,320.69459870884265,2,Kaotik
2021-08-26,344.7037037037037,231.49726943310964,1,Gunesli
2021-08-27,505.18518518518516,310.1477361413722,2,Kaotik
2021-08-28,533.7407407407408,315.6732235169528,2,Kaotik
2021-08-29,345.81481481481484,301.55201580095303,1,Gunesli
2021-08-30,502.4074074074074,309.81734808397863,2,Kaotik
2021-08-31,507.0,299.59786381080886,2,Kaotik
2021-09-01,291.72,189.99046467301102,1,Gunesli
2021-09-02,383.68,218.46237662352755,1,Gunesli
2021-09-03,363.56,253.82311426135587,1,Gunesli
2021-09-04,541.92,290.2794515634891,2,Kaotik
2021-09-05,569.88,296.1364156375684,2,Kaotik
2021-09-06,558.52,294.9498714471099,2,Kaotik
2021-09-07,527.08,289.8774051215444,2,Kaotik
2021-09-08,524.92,293.5367552226921,2,Kaotik
2021-09-09,538.84,294.1160031914845,2,Kaotik
2021-09-10,514.84,307.5480558655292,2,Kaotik
2021-09-11,400.96,273.51485029762705,1,Gunesli
2021-09-12,465.36,272.20333698664797,2,Kaotik
2021-09-13,436.92,268.7763816508685,2,Kaotik
2021-09-14,331.88,265.13209286441855,1,Gunesli
2021-09-15,521.56,292.0409617388173,2,Kaotik
2021-09-16,490.44,296.30503426930386,2,Kaotik
2021-09-17,444.4,314.1671529616042,2,Kaotik
2021-09-18,473.44,304.41379184699673,2,Kaotik
2021-09-19,500.04,287.906014757131,2,Kaotik
2021-09-20,519.1666666666666,278.87111978345007,2,Kaotik
2021-09-21,523.7083333333334,280.85544466344504,2,Kaotik
2021-09-22,523.9583333333334,280.5058286872774,2,Kaotik
2021-09-23,481.9583333333333,274.2777835265406,2,Kaotik
2021-09-24,490.4166666666667,275.76374839259825,2,Kaotik
2021-09-25,498.25,274.0477981159015,2,Kaotik
2021-09-26,485.875,268.0934802087413,2,Kaotik
2021-09-27,466.3333333333333,276.79197441661717,2,Kaotik
2021-09-28,370.2083333333333,285.60050833694055,1,Gunesli
2021-09-29,266.625,217.81220720771285,1,Gunesli
2021-09-30,137.91666666666666,75.04776256935757,0,Kapali
2021-10-01,354.5833333333333,220.33391983960178,1,Gunesli
2021-10-02,469.30434782608694,254.88935831108594,2,Kaotik
2021-10-03,484.5217391304348,258.2014487610255,2,Kaotik
2021-10-04,477.7826086956522,256.42116572008825,2,Kaotik
2021-10-05,469.5217391304348,254.03576512072925,2,Kaotik
2021-10-06,363.6521739130435,222.01445667418147,1,Gunesli
2021-10-07,435.0869565217391,265.92649583253404,2,Kaotik
2021-10-08,310.1363636363636,222.79892610123028,1,Gunesli
2021-10-09,454.1363636363636,228.44261454143825,1,Gunesli
2021-10-10,456.04545454545456,245.15893334203142,1,Gunesli
2021-10-11,459.8181818181818,234.4981747037574,1,Gunesli
2021-10-12,153.86363636363637,95.98526447153748,0,Kapali
2021-10-13,461.22727272727275,240.04720405195343,1,Gunesli
2021-10-14,262.5,193.47148184090153,1,Gunesli
2021-10-15,460.04545454545456,242.30607902142265,1,Gunesli
2021-10-16,443.8181818181818,236.69442554114173,1,Gunesli
2021-10-17,447.8181818181818,240.94845059505124,1,Gunesli
2021-10-18,406.04545454545456,243.89019333898278,1,Gunesli
2021-10-19,230.95454545454547,188.0765997122113,1,Gunesli
2021-10-20,427.5,235.9650397834391,1,Gunesli
2021-10-21,132.72727272727272,128.7704424152796,0,Kapali
2021-10-22,396.90909090909093,234.56685697176061,1,Gunesli
2021-10-23,217.6818181818182,155.0110246044382,0,Kapali
2021-10-24,360.1363636363636,221.52658562467877,1,Gunesli
2021-10-25,344.40909090909093,230.89611333133166,1,Gunesli
2021-10-26,145.72727272727272,118.94263596099864,0,Kapali
2021-10-27,397.6818181818182,230.5968211823267,1,Gunesli
2021-10-28,382.45454545454544,224.15719978722566,1,Gunesli
2021-10-29,400.3809523809524,214.00455046341335,1,Gunesli
2021-10-30,384.6190476190476,221.236406631114,1,Gunesli
2021-10-31,104.8,66.95764568583243,0,Kapali
2021-11-01,61.95,50.29332382188149,0,Kapali
2021-11-02,102.9,69.63733118620243,0,Kapali
2021-11-03,388.8,191.81421932912613,1,Gunesli
2021-11-04,380.2,202.94764686593697,1,Gunesli
2021-11-05,389.15,196.8237991065533,1,Gunesli
2021-11-06,380.4,204.6481962063832,1,Gunesli
2021-11-07,377.85,202.86922803670976,1,Gunesli
2021-11-08,307.05,182.18281015449693,1,Gunesli
2021-11-09,248.45,143.6188211533352,0,Kapali
2021-11-10,351.2,211.85610806940588,1,Gunesli
2021-11-11,345.85,203.15155737320327,1,Gunesli
2021-11-12,344.45,193.17553375649118,1,Gunesli
2021-11-13,202.45,142.34815547951808,0,Kapali
2021-11-14,255.8,147.68266120656355,0,Kapali
2021-11-15,150.95,99.93391237265388,0,Kapali
2021-11-16,227.55,152.64526299819943,0,Kapali
2021-11-17,225.75,158.04492199504878,0,Kapali
2021-11-18,299.75,170.07301063769177,1,Gunesli
2021-11-19,287.05,194.59200908567647,1,Gunesli
2021-11-20,202.95,138.30609645199837,0,Kapali
2021-11-21,332.55,188.49556046705575,1,Gunesli
2021-11-22,309.45,187.81331016113904,1,Gunesli
2021-11-23,276.85,194.50159652977553,1,Gunesli
2021-11-24,128.45,118.53246279750586,0,Kapali
2021-11-25,313.25,188.26601420666228,1,Gunesli
2021-11-26,282.8,178.62268377195193,1,Gunesli
2021-11-27,273.7894736842105,157.97207170445188,1,Gunesli
2021-11-28,270.4736842105263,148.54306088024614,0,Kapali
2021-11-29,312.05263157894734,167.49808412974312,1,Gunesli
2021-11-30,293.36842105263156,186.16516278900656,1,Gunesli
2021-12-01,280.7894736842105,178.19108936051035,1,Gunesli
2021-12-02,308.5263157894737,169.3432964329667,1,Gunesli
2021-12-03,282.63157894736844,169.7259917652619,1,Gunesli
2021-12-04,289.6842105263158,178.92706541169812,1,Gunesli
2021-12-05,130.73684210526315,109.22751083315511,0,Kapali
2021-12-06,206.26315789473685,117.17358543121833,0,Kapali
2021-12-07,285.7894736842105,171.12749598776037,1,Gunesli
2021-12-08,113.10526315789474,98.40895100257345,0,Kapali
2021-12-09,147.31578947368422,113.97809371959693,0,Kapali
2021-12-10,207.52631578947367,140.76788160382347,0,Kapali
2021-12-11,222.73684210526315,160.37069630676962,0,Kapali
2021-12-12,269.10526315789474,166.15718620124676,1,Gunesli
2021-12-13,278.3157894736842,152.92883335125342,1,Gunesli
2021-12-14,224.1578947368421,134.78058843002526,0,Kapali
2021-12-15,225.0,188.57329845152756,1,Gunesli
2021-12-16,302.3157894736842,169.10517852362997,1,Gunesli
2021-12-17,302.7894736842105,169.10502290567783,1,Gunesli
2021-12-18,309.42105263157896,174.58755071738958,1,Gunesli
2021-12-19,286.8421052631579,172.57180893693524,1,Gunesli
2021-12-20,290.2105263157895,164.96248022820504,1,Gunesli
2021-12-21,273.6842105263158,177.1189345018322,1,Gunesli
2021-12-22,223.26315789473685,132.89713737626937,0,Kapali
2021-12-23,255.1578947368421,156.34515348274746,0,Kapali
2021-12-24,92.94736842105263,73.51830738304464,0,Kapali
2021-12-25,299.10526315789474,169.58704573720053,1,Gunesli
2021-12-26,225.8421052631579,124.48438686477681,0,Kapali
2021-12-27,268.6842105263158,156.181537047821,0,Kapali
2021-12-28,291.7894736842105,168.1865957624211,1,Gunesli
2021-12-29,258.63157894736844,141.57377759643197,0,Kapali
2021-12-30,306.7368421052632,170.53505410431774,1,Gunesli
2021-12-31,64.05263157894737,65.78709235456326,0,Kapali
2022-01-01,117.94736842105263,85.15180802165462,0,Kapali
2022-01-02,312.2105263157895,172.33255285038237,1,Gunesli
2022-01-03,251.94736842105263,178.90639193730163,1,Gunesli
2022-01-04,302.05263157894734,169.67042356161826,1,Gunesli
2022-01-05,284.89473684210526,178.72539294087827,1,Gunesli
2022-01-06,243.3684210526316,164.99434688171584,0,Kapali
2022-01-07,313.94736842105266,174.12143708860538,1,Gunesli
2022-01-08,194.94736842105263,130.1663353321479,0,Kapali
2022-01-09,332.4736842105263,179.71253849197078,1,Gunesli
2022-01-10,332.2631578947368,177.13894173321282,1,Gunesli
2022-01-11,255.52631578947367,136.76799837724087,0,Kapali
2022-01-12,227.26315789473685,115.42281793729,0,Kapali
2022-01-13,304.5263157894737,168.70960205205097,1,Gunesli
2022-01-14,160.3684210526316,94.32815682282063,0,Kapali
2022-01-15,292.89473684210526,197.2136164830304,1,Gunesli
2022-01-16,321.3157894736842,185.7456602249368,1,Gunesli
2022-01-17,185.3,119.95003345691818,0,Kapali
2022-01-18,126.1,123.69695567032063,0,Kapali
2022-01-19,28.4,32.844770472153115,0,Kapali
2022-01-20,335.0,195.42719737458293,1,Gunesli
2022-01-21,50.8,29.651661886504424,0,Kapali
2022-01-22,321.7,198.60012720619235,1,Gunesli
2022-01-23,340.85,189.30406479357072,1,Gunesli
2022-01-24,319.85,196.76308891124557,1,Gunesli
2022-01-25,195.85,130.4761623721683,0,Kapali
2022-01-26,370.5,201.98189079847313,1,Gunesli
2022-01-27,264.85,167.5348431945144,1,Gunesli
2022-01-28,376.7,200.85635086850138,1,Gunesli
2022-01-29,387.85,204.14501424748354,1,Gunesli
2022-01-30,394.35,209.1343750847891,1,Gunesli
2022-01-31,362.85,227.9086324315999,1,Gunesli
2022-02-01,219.95,154.42473043013885,0,Kapali
2022-02-02,160.2,81.72134939762327,0,Kapali
2022-02-03,412.85,210.80703948098324,1,Gunesli
2022-02-04,407.8,207.78470639228073,1,Gunesli
2022-02-05,351.1,199.83806602241464,1,Gunesli
2022-02-06,409.95,208.92065353546118,1,Gunesli
2022-02-07,421.95,207.889260753994,1,Gunesli
2022-02-08,431.05,212.57258203159444,1,Gunesli
2022-02-09,396.35,226.7243341245278,1,Gunesli
2022-02-10,330.2,150.53819239123686,1,Gunesli
2022-02-11,82.0909090909091,73.61412202178983,0,Kapali
2022-02-12,197.13636363636363,141.69326208214883,0,Kapali
2022-02-13,412.72727272727275,238.4585781776229,1,Gunesli
2022-02-14,412.1818181818182,246.7427108709908,1,Gunesli
2022-02-15,323.95454545454544,196.1099004986568,1,Gunesli
2022-02-16,85.22727272727273,60.866701990952414,0,Kapali
2022-02-17,265.27272727272725,196.33697510201125,1,Gunesli
2022-02-18,435.40909090909093,245.4670299053679,1,Gunesli
2022-02-19,438.09090909090907,242.92756300140348,1,Gunesli
2022-02-20,419.27272727272725,262.1621057608626,1,Gunesli
2022-02-21,276.40909090909093,202.9756398921072,1,Gunesli
2022-02-22,351.1363636363636,213.29262158884544,1,Gunesli
2022-02-23,391.90909090909093,242.9128609371229,1,Gunesli
2022-02-24,459.8636363636364,266.47474560132343,2,Kaotik
2022-02-25,449.8636363636364,257.4821853208019,2,Kaotik
2022-02-26,494.8636363636364,257.26997038585296,2,Kaotik
2022-02-27,496.1818181818182,255.19173676046512,2,Kaotik
2022-02-28,488.1818181818182,259.2688687836361,2,Kaotik
2022-03-01,475.95454545454544,243.49195298578385,2,Kaotik
2022-03-02,422.8181818181818,238.46426034775834,1,Gunesli
2022-03-03,431.54545454545456,237.12799984752604,1,Gunesli
2022-03-04,235.77272727272728,198.80091305198533,1,Gunesli
2022-03-05,60.56521739130435,52.523437268048184,0,Kapali
2022-03-06,86.95652173913044,81.93039077659964,0,Kapali
2022-03-07,312.39130434782606,254.85213879467705,1,Gunesli
2022-03-08,512.4347826086956,269.65244062529433,2,Kaotik
2022-03-09,283.5652173913044,196.56940159716814,1,Gunesli
2022-03-10,260.6666666666667,164.26454449974938,1,Gunesli
2022-03-11,471.0833333333333,261.6667174374547,2,Kaotik
2022-03-12,481.5416666666667,293.69208648968845,2,Kaotik
2022-03-13,422.4583333333333,300.5085514469657,2,Kaotik
2022-03-14,511.0416666666667,287.42991269202463,2,Kaotik
2022-03-15,466.25,312.5609853536065,2,Kaotik
2022-03-16,219.875,204.11299353650858,1,Gunesli
2022-03-17,127.45833333333333,90.26144594004911,0,Kapali
2022-03-18,396.375,203.35507872555888,1,Gunesli
2022-03-19,531.2916666666666,292.20994227150936,2,Kaotik
2022-03-20,443.0833333333333,247.51546577355816,1,Gunesli
2022-03-21,328.0416666666667,228.54520610129643,1,Gunesli
2022-03-22,398.7916666666667,283.24117533613844,2,Kaotik
2022-03-23,557.0833333333334,290.7680857834039,2,Kaotik
2022-03-24,472.88,280.5120793596359,2,Kaotik
2022-03-25,519.28,310.14949621110145,2,Kaotik
2022-03-26,426.32,260.5335423062963,1,Gunesli
2022-03-27,322.52,243.4204387474478,1,Gunesli
2022-03-28,383.52,264.8085975442137,1,Gunesli
2022-03-29,165.64,139.02244423113845,0,Kapali
2022-03-30,393.12,295.4728301102038,2,Kaotik
2022-03-31,546.84,318.9716131570332,2,Kaotik
2022-04-01,507.04,329.88387855930966,2,Kaotik
2022-04-02,537.48,290.4681738159966,2,Kaotik
2022-04-03,283.96,214.53019989424956,1,Gunesli
2022-04-04,488.0,361.1485151568535,2,Kaotik
2022-04-05,520.6,256.24776421788863,2,Kaotik
2022-04-06,591.16,302.83379379895285,2,Kaotik
2022-04-07,598.92,309.72513620951077,2,Kaotik
2022-04-08,590.92,302.7902078997932,2,Kaotik
2022-04-09,432.9230769230769,244.01162645692486,1,Gunesli
2022-04-10,569.7692307692307,339.87872045096407,2,Kaotik
2022-04-11,444.11538461538464,249.642997405988,1,Gunesli
2022-04-12,364.0,281.67029280020614,1,Gunesli
2022-04-13,359.48148148148147,238.3241765021189,1,Gunesli
2022-04-14,554.1111111111111,321.59043868935254,2,Kaotik
2022-04-15,526.2592592592592,312.6625844866823,2,Kaotik
2022-04-16,398.22222222222223,326.278353714377,2,Kaotik
2022-04-17,562.1851851851852,327.31048974201343,2,Kaotik
2022-04-18,569.3703703703703,329.45761349272095,2,Kaotik
2022-04-19,539.2592592592592,345.4649701258372,2,Kaotik
2022-04-20,569.9629629629629,330.4030733561522,2,Kaotik
2022-04-21,573.7777777777778,328.95783378763974,2,Kaotik
2022-04-22,531.4074074074074,352.92516740687927,2,Kaotik
2022-04-23,536.5185185185185,331.53365885165715,2,Kaotik
2022-04-24,344.0740740740741,219.16272948268826,1,Gunesli
2022-04-25,517.7037037037037,319.7053709535143,2,Kaotik
2022-04-26,549.1481481481482,310.78730096119835,2,Kaotik
2022-04-27,329.6296296296296,270.72440544528615,1,Gunesli
2022-04-28,512.7777777777778,311.6624571222643,2,Kaotik
2022-04-29,573.5925925925926,301.5695173408178,2,Kaotik
2022-04-30,610.3333333333334,330.89552150769003,2,Kaotik
2022-05-01,429.14814814814815,297.2290885060395,2,Kaotik
2022-05-02,135.25925925925927,79.68958651812794,0,Kapali
2022-05-03,414.6296296296296,283.9122491935937,2,Kaotik
2022-05-04,214.10714285714286,226.2252792773765,1,Gunesli
2022-05-05,544.2142857142857,337.88211368955706,2,Kaotik
2022-05-06,482.2142857142857,307.6187343356801,2,Kaotik
2022-05-07,521.25,276.09453896164706,2,Kaotik
2022-05-08,487.2857142857143,293.1710229153773,2,Kaotik
2022-05-09,574.551724137931,375.12708191519164,2,Kaotik
2022-05-10,593.0,350.9114662459138,2,Kaotik
2022-05-11,565.9655172413793,342.37401048296175,2,Kaotik
2022-05-12,616.0,360.631984953399,2,Kaotik
2022-05-13,581.4827586206897,361.5777549938656,2,Kaotik
2022-05-14,557.7931034482758,355.88535265792154,2,Kaotik
2022-05-15,548.3793103448276,337.3980707237058,2,Kaotik
2022-05-16,309.7241379310345,258.0916083973347,1,Gunesli
2022-05-17,442.62068965517244,269.679626566824,2,Kaotik
2022-05-18,551.551724137931,342.06229447352507,2,Kaotik
2022-05-19,472.58620689655174,303.1702158902745,2,Kaotik
2022-05-20,100.06896551724138,65.84990022472252,0,Kapali
2022-05-21,361.82758620689657,262.1330181641043,1,Gunesli
2022-05-22,508.0,338.1753560337764,2,Kaotik
2022-05-23,357.1034482758621,295.0080319521083,1,Gunesli
2022-05-24,347.6551724137931,230.27193177106142,1,Gunesli
2022-05-25,615.1034482758621,348.42547315721276,2,Kaotik
2022-05-26,610.2068965517242,345.8005597068866,2,Kaotik
2022-05-27,393.41379310344826,266.7660180277545,1,Gunesli
2022-05-28,313.82758620689657,235.40437381625404,1,Gunesli
2022-05-29,355.7931034482759,279.0536788236712,1,Gunesli
2022-05-30,595.7241379310345,383.38538020338564,2,Kaotik
2022-05-31,310.48275862068965,279.5536775302547,1,Gunesli
2022-06-01,206.58620689655172,139.82629970313147,0,Kapali
2022-06-02,598.2758620689655,340.70419685365573,2,Kaotik
2022-06-03,389.17241379310343,259.89078323754126,1,Gunesli
2022-06-04,507.17241379310343,297.284143655469,2,Kaotik
2022-06-05,427.37931034482756,248.82472514274892,1,Gunesli
2022-06-06,367.1034482758621,262.31065890161426,1,Gunesli
2022-06-07,553.7241379310345,338.4367314318379,2,Kaotik
2022-06-08,613.2413793103449,338.37739446325884,2,Kaotik
2022-06-09,416.7241379310345,310.8732971751542,2,Kaotik
2022-06-10,514.8275862068965,273.9876260195388,2,Kaotik
2022-06-11,592.448275862069,347.72768349948956,2,Kaotik
2022-06-12,421.8965517241379,252.2741344574512,1,Gunesli
2022-06-13,630.2068965517242,341.1844263853228,2,Kaotik
2022-06-14,576.5172413793103,336.30296934775674,2,Kaotik
2022-06-15,653.2413793103449,351.22872636873115,2,Kaotik
2022-06-16,637.8275862068965,345.56434887271377,2,Kaotik
2022-06-17,540.3103448275862,327.06750105491284,2,Kaotik
2022-06-18,352.82758620689657,259.0648111084942,1,Gunesli
2022-06-19,340.37931034482756,236.75867970106842,1,Gunesli
2022-06-20,574.2758620689655,297.9653499212527,2,Kaotik
2022-06-21,492.6896551724138,246.27715273770553,2,Kaotik
2022-06-22,462.6896551724138,223.9891743953386,1,Gunesli
2022-06-23,550.6666666666666,350.80413371265314,2,Kaotik
2022-06-24,401.3333333333333,290.8706707910524,2,Kaotik
2022-06-25,266.2,259.59894798150367,1,Gunesli
2022-06-26,194.46666666666667,138.07412635181183,0,Kapali
2022-06-27,586.9,367.4740760267643,2,Kaotik
2022-06-28,568.1333333333333,328.3014524460117,2,Kaotik
2022-06-29,371.56666666666666,241.07169964103235,1,Gunesli
2022-06-30,266.93333333333334,232.5590667770876,1,Gunesli
2022-07-01,538.5666666666667,326.1001203706419,2,Kaotik
2022-07-02,496.46666666666664,346.48408764112935,2,Kaotik
2022-07-03,365.9310344827586,262.5679410082659,1,Gunesli
2022-07-04,533.8620689655172,303.1902660680643,2,Kaotik
2022-07-05,415.7931034482759,317.2892303010372,2,Kaotik
2022-07-06,381.1034482758621,322.0506110211768,2,Kaotik
2022-07-07,465.8965517241379,310.48744451582974,2,Kaotik
2022-07-08,529.7931034482758,374.737658646528,2,Kaotik
2022-07-09,578.7586206896551,354.8820382658777,2,Kaotik
2022-07-10,399.0,302.5512943523556,2,Kaotik
2022-07-11,329.48275862068965,267.3092939287552,1,Gunesli
2022-07-12,542.5862068965517,319.86788759930465,2,Kaotik
2022-07-13,457.6896551724138,309.3317802074423,2,Kaotik
2022-07-14,456.6551724137931,307.4544421376081,2,Kaotik
2022-07-15,388.62068965517244,288.6069266806998,2,Kaotik
2022-07-16,447.9655172413793,264.2906250375874,2,Kaotik
2022-07-17,602.2068965517242,341.6626760950824,2,Kaotik
2022-07-18,432.2413793103448,271.560787087797,2,Kaotik
2022-07-19,412.2758620689655,261.35579150593657,1,Gunesli
2022-07-20,412.0689655172414,304.75188163423354,2,Kaotik
2022-07-21,486.6551724137931,259.90400368790955,2,Kaotik
2022-07-22,515.0689655172414,329.5681081825644,2,Kaotik
2022-07-23,369.7586206896552,286.75121810333053,1,Gunesli
2022-07-24,259.86206896551727,249.17087139693788,1,Gunesli
2022-07-25,540.6896551724138,327.4048502398691,2,Kaotik
2022-07-26,495.2413793103448,343.7695090746969,2,Kaotik
2022-07-27,538.7586206896551,345.94793736841115,2,Kaotik
2022-07-28,214.17241379310346,166.23242527203487,0,Kapali
2022-07-29,464.86206896551727,297.63409032592006,2,Kaotik
2022-07-30,585.0,334.1288285587972,2,Kaotik
2022-07-31,493.64285714285717,289.62264264431246,2,Kaotik
2022-08-01,475.2857142857143,287.6513910123202,2,Kaotik
2022-08-02,501.39285714285717,290.2960607897615,2,Kaotik
2022-08-03,432.7142857142857,309.54588688053354,2,Kaotik
2022-08-04,559.3928571428571,330.5991574551467,2,Kaotik
2022-08-05,436.5357142857143,335.43321708157214,2,Kaotik
2022-08-06,478.4642857142857,331.76871485830327,2,Kaotik
2022-08-07,493.7857142857143,314.7750939772074,2,Kaotik
2022-08-08,554.7857142857143,316.0059020947712,2,Kaotik
2022-08-09,569.4285714285714,326.13896476597876,2,Kaotik
2022-08-10,568.7142857142857,327.48048934168713,2,Kaotik
2022-08-11,577.2592592592592,316.47488569609004,2,Kaotik
2022-08-12,578.0,320.75415939505876,2,Kaotik
2022-08-13,556.5925925925926,325.09007737019357,2,Kaotik
2022-08-14,432.3333333333333,292.57714301596525,2,Kaotik
2022-08-15,343.5925925925926,337.1977574589244,2,Kaotik
2022-08-16,195.40740740740742,135.77335732169456,0,Kapali
2022-08-17,576.7777777777778,315.30258157636126,2,Kaotik
2022-08-18,566.1851851851852,318.5875120732181,2,Kaotik
2022-08-19,447.81481481481484,274.99622893037264,2,Kaotik
2022-08-20,265.3333333333333,269.44758302868485,1,Gunesli
2022-08-21,381.85185185185185,313.4676653308555,2,Kaotik
2022-08-22,500.0,327.863245412333,2,Kaotik
2022-08-23,551.3333333333334,321.54195802294726,2,Kaotik
2022-08-24,542.7407407407408,315.051960621955,2,Kaotik
2022-08-25,324.8888888888889,286.72639508950977,1,Gunesli
2022-08-26,317.0,248.21532215769068,1,Gunesli
2022-08-27,476.0740740740741,304.36073307911437,2,Kaotik
2022-08-28,369.9259259259259,295.1467595732836,1,Gunesli
2022-08-29,537.0,317.6267766274897,2,Kaotik
2022-08-30,533.6296296296297,317.6786170073518,2,Kaotik
2022-08-31,493.46153846153845,308.17984759152966,2,Kaotik
2022-09-01,536.36,262.321825245251,2,Kaotik
2022-09-02,519.68,298.9355727688939,2,Kaotik
2022-09-03,562.92,291.31224942776896,2,Kaotik
2022-09-04,568.32,294.5508897740196,2,Kaotik
2022-09-05,549.96,290.8187407991445,2,Kaotik
2022-09-06,544.6,289.15494692868964,2,Kaotik
2022-09-07,537.88,291.11829210820815,2,Kaotik
2022-09-08,413.0,245.00646249980156,1,Gunesli
2022-09-09,153.32,87.29247772097355,0,Kapali
2022-09-10,79.12,35.873992436489885,0,Kapali
2022-09-11,553.72,300.926004193722,2,Kaotik
2022-09-12,547.4,299.95958061045496,2,Kaotik
2022-09-13,439.4,270.36811325795554,2,Kaotik
2022-09-14,269.24,214.0049220617756,1,Gunesli
2022-09-15,378.0,226.77613778055806,1,Gunesli
2022-09-16,454.68,269.2026374313595,2,Kaotik
2022-09-17,464.28,269.404206846639,2,Kaotik
2022-09-18,514.32,292.7393208983036,2,Kaotik
2022-09-19,455.76,307.25210604105985,2,Kaotik
2022-09-20,461.1666666666667,259.76890510215236,2,Kaotik
2022-09-21,122.83333333333333,60.724371345962226,0,Kapali
2022-09-22,164.20833333333334,140.25721066999563,0,Kapali
2022-09-23,519.5416666666666,280.10044458724263,2,Kaotik
2022-09-24,511.3333333333333,277.4457513236349,2,Kaotik
2022-09-25,496.4166666666667,273.04354114741267,2,Kaotik
2022-09-26,494.5833333333333,273.1291964822042,2,Kaotik
2022-09-27,279.9583333333333,174.08505646395378,1,Gunesli
2022-09-28,404.2083333333333,208.14250535686332,1,Gunesli
2022-09-29,316.4166666666667,215.20221363550883,1,Gunesli
2022-09-30,298.0416666666667,193.67801140410668,1,Gunesli
2022-10-01,375.8333333333333,246.93471530586464,1,Gunesli
2022-10-02,283.2173913043478,233.62576066742048,1,Gunesli
2022-10-03,392.2608695652174,236.45703384284204,1,Gunesli
2022-10-04,462.5217391304348,264.41855071169704,2,Kaotik
2022-10-05,459.39130434782606,245.14981303284634,1,Gunesli
2022-10-06,453.17391304347825,268.4822073288544,2,Kaotik
2022-10-07,87.73913043478261,51.68718620113987,0,Kapali
2022-10-08,478.1363636363636,239.8789963719894,2,Kaotik
2022-10-09,481.72727272727275,242.7986000230647,2,Kaotik
2022-10-10,424.27272727272725,198.68500598115503,1,Gunesli
2022-10-11,361.22727272727275,254.11450958708357,1,Gunesli
2022-10-12,464.54545454545456,238.1921447812623,1,Gunesli
2022-10-13,457.1818181818182,237.4578932826851,1,Gunesli
2022-10-14,456.22727272727275,238.32389561430722,1,Gunesli
2022-10-15,297.04545454545456,151.5788266633592,1,Gunesli
2022-10-16,221.95454545454547,211.63028797381244,1,Gunesli
2022-10-17,439.54545454545456,236.2173589993773,1,Gunesli
2022-10-18,442.6363636363636,238.3372051875732,1,Gunesli
2022-10-19,431.6818181818182,234.6148589382864,1,Gunesli
2022-10-20,432.72727272727275,236.02969583511586,1,Gunesli
2022-10-21,398.3636363636364,247.87891542032514,1,Gunesli
2022-10-22,417.5,233.26293155599163,1,Gunesli
2022-10-23,307.3636363636364,193.2258844571359,1,Gunesli
2022-10-24,412.09090909090907,235.9943318711801,1,Gunesli
2022-10-25,330.95454545454544,236.09773546698977,1,Gunesli
2022-10-26,325.6363636363636,235.82934617956371,1,Gunesli
2022-10-27,109.27272727272727,80.82855566726039,0,Kapali
2022-10-28,407.1818181818182,237.07013958373392,1,Gunesli
2022-10-29,380.45454545454544,235.41932745690136,1,Gunesli
2022-10-30,346.85714285714283,211.3076633050221,1,Gunesli
2022-10-31,411.6,203.45137787170364,1,Gunesli
2022-11-01,391.55,202.9081915806415,1,Gunesli
2022-11-02,367.6,200.4703416835938,1,Gunesli
2022-11-03,113.95,88.11802790635561,0,Kapali
2022-11-04,396.75,207.19070163041889,1,Gunesli
2022-11-05,144.65,156.79899133671276,0,Kapali
2022-11-06,161.45,147.01932382835724,0,Kapali
2022-11-07,373.1,201.03911638233362,1,Gunesli
2022-11-08,326.5,211.13814385248745,1,Gunesli
2022-11-09,368.75,201.13333493245875,1,Gunesli
2022-11-10,377.85,197.75962948142774,1,Gunesli
2022-11-11,304.45,207.80063193257845,1,Gunesli
2022-11-12,324.1,178.24905698429228,1,Gunesli
2022-11-13,275.65,132.94212234930222,0,Kapali
2022-11-14,294.2,156.58681802421103,1,Gunesli
2022-11-15,282.2,195.38534125913174,1,Gunesli
2022-11-16,344.35,192.5888106822408,1,Gunesli
2022-11-17,96.75,66.58976924739305,0,Kapali
2022-11-18,256.95,199.61132627921535,1,Gunesli
2022-11-19,280.8,195.40446582194045,1,Gunesli
2022-11-20,331.15,193.3301716317396,1,Gunesli
2022-11-21,330.0,197.58862102331383,1,Gunesli
2022-11-22,316.6,191.1175995090595,1,Gunesli
2022-11-23,184.35,117.94703316141084,0,Kapali
2022-11-24,246.8,183.52444265718825,1,Gunesli
2022-11-25,309.55,187.26099855268146,1,Gunesli
2022-11-26,302.55,191.0407713442067,1,Gunesli
2022-11-27,290.05263157894734,198.12747683252664,1,Gunesli
2022-11-28,290.63157894736844,159.81732993442367,1,Gunesli
2022-11-29,159.73684210526315,93.85262803711832,0,Kapali
2022-11-30,275.57894736842104,178.5535449691566,1,Gunesli
2022-12-01,311.05263157894734,171.39508410045246,1,Gunesli
2022-12-02,265.05263157894734,147.41606790314069,0,Kapali
2022-12-03,265.42105263157896,148.8019996092771,0,Kapali
2022-12-04,269.4736842105263,145.130350765959,0,Kapali
2022-12-05,291.36842105263156,160.88408889159777,1,Gunesli
2022-12-06,271.10526315789474,153.90541638611182,0,Kapali
2022-12-07,297.36842105263156,170.81153048716712,1,Gunesli
2022-12-08,312.7368421052632,171.29890772994932,1,Gunesli
2022-12-09,305.7894736842105,166.16276456380166,1,Gunesli
2022-12-10,305.7894736842105,168.72712320567538,1,Gunesli
2022-12-11,304.2105263157895,172.88229102400166,1,Gunesli
2022-12-12,187.47368421052633,123.74183179374918,0,Kapali
2022-12-13,174.21052631578948,97.63172238762496,0,Kapali
2022-12-14,218.0,139.0771168972252,0,Kapali
2022-12-15,148.05263157894737,97.07126459131315,0,Kapali
2022-12-16,274.10526315789474,143.25303748450855,0,Kapali
2022-12-17,306.4736842105263,171.54279298344596,1,Gunesli
2022-12-18,223.68421052631578,133.93159640137154,0,Kapali
2022-12-19,246.31578947368422,172.43229029634242,1,Gunesli
2022-12-20,228.57894736842104,140.86806900606354,0,Kapali
2022-12-21,295.63157894736844,168.43568193042833,1,Gunesli
2022-12-22,245.05263157894737,169.62261172779037,0,Kapali
2022-12-23,184.31578947368422,117.74268207105929,0,Kapali
2022-12-24,145.0,108.5766498326822,0,Kapali
2022-12-25,95.89473684210526,56.542898892828966,0,Kapali
2022-12-26,232.05263157894737,140.1766638068669,0,Kapali
2022-12-27,140.73684210526315,98.34680252683083,0,Kapali
2022-12-28,109.05263157894737,95.58502537543939,0,Kapali
2022-12-29,133.26315789473685,105.64818035203402,0,Kapali
2022-12-30,117.42105263157895,118.83242907064724,0,Kapali
2022-12-31,200.1578947368421,126.09267454178064,0,Kapali
2023-01-01,110.63157894736842,85.28723398435287,0,Kapali
2023-01-02,130.52631578947367,80.69997137618427,0,Kapali
2023-01-03,90.21052631578948,87.09099899107346,0,Kapali
2023-01-04,317.0,177.8941632919229,1,Gunesli
2023-01-05,126.78947368421052,97.49220991521345,0,Kapali
2023-01-06,230.42105263157896,131.18024740768527,0,Kapali
2023-01-07,314.2105263157895,174.6261336390049,1,Gunesli
2023-01-08,299.2631578947368,185.16234381550547,1,Gunesli
2023-01-09,173.1578947368421,90.81682611957297,0,Kapali
2023-01-10,319.7894736842105,173.25818208909706,1,Gunesli
2023-01-11,139.10526315789474,92.97603916950389,0,Kapali
2023-01-12,338.6842105263158,179.7745664348606,1,Gunesli
2023-01-13,289.0,171.716174090982,1,Gunesli
2023-01-14,264.5263157894737,173.37383130137303,1,Gunesli
2023-01-15,126.57894736842105,117.40543040132044,0,Kapali
2023-01-16,274.2105263157895,184.82291192362985,1,Gunesli
2023-01-17,217.25,150.14234474061783,0,Kapali
2023-01-18,194.6,125.96632799869052,0,Kapali
2023-01-19,237.4,154.9333982546592,0,Kapali
2023-01-20,194.1,112.79972937630845,0,Kapali
2023-01-21,243.45,168.10944899709017,0,Kapali
2023-01-22,344.4,193.45104099786565,1,Gunesli
2023-01-23,340.95,201.59769082846265,1,Gunesli
2023-01-24,305.65,188.19454519753026,1,Gunesli
2023-01-25,274.55,175.2164000375115,1,Gunesli
2023-01-26,361.6,209.70164269115398,1,Gunesli
2023-01-27,208.5,181.65539961841571,0,Kapali
2023-01-28,319.25,189.09810180237972,1,Gunesli
2023-01-29,169.3,93.09367099297013,0,Kapali
2023-01-30,346.5,190.04085433345503,1,Gunesli
2023-01-31,400.5,208.670351965663,1,Gunesli
2023-02-01,389.2,201.82785786537576,1,Gunesli
2023-02-02,389.8,206.9138137384488,1,Gunesli
2023-02-03,384.25,206.26244779023895,1,Gunesli
2023-02-04,384.0,200.13889913599607,1,Gunesli
2023-02-05,364.65,196.36305660688825,1,Gunesli
2023-02-06,373.7,203.07403368696535,1,Gunesli
2023-02-07,415.35,204.30788814408203,1,Gunesli
2023-02-08,354.8,178.34136397724214,1,Gunesli
2023-02-09,284.05,166.73473259231739,1,Gunesli
2023-02-10,430.35,205.86231346524588,1,Gunesli
2023-02-11,381.3333333333333,219.9793929742814,1,Gunesli
2023-02-12,371.09090909090907,221.19737126891238,1,Gunesli
2023-02-13,331.0,238.26435898368175,1,Gunesli
2023-02-14,359.45454545454544,222.88107597096266,1,Gunesli
2023-02-15,160.8181818181818,125.8134054344488,0,Kapali
2023-02-16,401.72727272727275,254.47559183510475,1,Gunesli
2023-02-17,436.22727272727275,246.7522242516978,1,Gunesli
2023-02-18,399.3636363636364,257.0687411225598,1,Gunesli
2023-02-19,425.1363636363636,238.27660905813315,1,Gunesli
2023-02-20,274.27272727272725,164.35246150189417,1,Gunesli
2023-02-21,421.04545454545456,248.10126144527345,1,Gunesli
2023-02-22,286.1363636363636,158.95500874522577,1,Gunesli
2023-02-23,244.6818181818182,153.88412039850803,0,Kapali
2023-02-24,414.59090909090907,201.86809910738606,1,Gunesli
2023-02-25,462.59090909090907,255.17084082758754,2,Kaotik
2023-02-26,412.0,235.762592452662,1,Gunesli
2023-02-27,431.54545454545456,246.1050351205524,1,Gunesli
2023-02-28,370.90909090909093,214.2870591588389,1,Gunesli
2023-03-01,304.59090909090907,185.5472367249835,1,Gunesli
2023-03-02,477.77272727272725,259.71631626654676,2,Kaotik
2023-03-03,252.3181818181818,195.4002939910145,1,Gunesli
2023-03-04,405.6363636363636,230.8166754425201,1,Gunesli
2023-03-05,471.2608695652174,260.0834162325801,2,Kaotik
2023-03-06,484.7826086956522,272.4396441118555,2,Kaotik
2023-03-07,86.04347826086956,51.36100241593772,0,Kapali
2023-03-08,334.69565217391306,261.7279008266911,1,Gunesli
2023-03-09,500.8695652173913,261.9073924375536,2,Kaotik
2023-03-10,384.0,249.4433803491285,1,Gunesli
2023-03-11,469.4166666666667,291.1482390491986,2,Kaotik
2023-03-12,397.25,247.15744849756413,1,Gunesli
2023-03-13,486.4583333333333,280.4671536479135,2,Kaotik
2023-03-14,405.7916666666667,277.00195873843114,2,Kaotik
2023-03-15,334.9583333333333,263.2257221418558,1,Gunesli
2023-03-16,248.875,235.71266821391194,1,Gunesli
2023-03-17,487.5416666666667,313.08465019608644,2,Kaotik
2023-03-18,541.7916666666666,292.7629964689002,2,Kaotik
2023-03-19,485.4583333333333,316.4888869766364,2,Kaotik
2023-03-20,336.0,275.69958445664224,1,Gunesli
2023-03-21,490.2916666666667,244.23945469944874,2,Kaotik
2023-03-22,348.4166666666667,221.714645564904,1,Gunesli
2023-03-23,380.625,217.76329640430586,1,Gunesli
2023-03-24,342.04,235.88353058236174,1,Gunesli
2023-03-25,547.56,308.98989735372686,2,Kaotik
2023-03-26,372.72,255.47627417563973,1,Gunesli
2023-03-27,357.36,232.71224720671668,1,Gunesli
2023-03-28,544.84,319.857218145847,2,Kaotik
2023-03-29,479.12,301.28700602581586,2,Kaotik
2023-03-30,542.8,312.58585487297194,2,Kaotik
2023-03-31,484.84,263.7991154900511,2,Kaotik
2023-04-01,563.0,305.74049453744266,2,Kaotik
2023-04-02,528.88,274.20495983843915,2,Kaotik
2023-04-03,495.48,273.8477557573429,2,Kaotik
2023-04-04,210.72,146.95847486053103,0,Kapali
2023-04-05,498.64,333.866475306122,2,Kaotik
2023-04-06,600.84,311.581540959452,2,Kaotik
2023-04-07,493.2,293.1336441511505,2,Kaotik
2023-04-08,300.48,195.16469967696517,1,Gunesli
2023-04-09,516.2692307692307,300.23038589620575,2,Kaotik
2023-04-10,569.7692307692307,315.6054888866551,2,Kaotik
2023-04-11,589.5,322.5931493382958,2,Kaotik
2023-04-12,470.96153846153845,264.0880884506881,2,Kaotik
2023-04-13,299.85185185185185,252.63940610219447,1,Gunesli
2023-04-14,103.48148148148148,83.25926622968409,0,Kapali
2023-04-15,536.2222222222222,301.92349175212394,2,Kaotik
2023-04-16,574.3333333333334,332.7659144896812,2,Kaotik
2023-04-17,548.2222222222222,341.7113416696043,2,Kaotik
2023-04-18,472.4074074074074,285.03390611526834,2,Kaotik
2023-04-19,338.0740740740741,215.85410420465556,1,Gunesli
2023-04-20,553.2962962962963,327.1532003881615,2,Kaotik
2023-04-21,230.25925925925927,143.3686996718044,0,Kapali
2023-04-22,188.2962962962963,121.06159106797182,0,Kapali
2023-04-23,603.8888888888889,343.35228974304925,2,Kaotik
2023-04-24,513.4074074074074,364.8096721114955,2,Kaotik
2023-04-25,267.3333333333333,249.66177120256117,1,Gunesli
2023-04-26,380.74074074074076,299.2788245346049,2,Kaotik
2023-04-27,440.4074074074074,314.7986241856431,2,Kaotik
2023-04-28,535.4814814814815,341.7052677798369,2,Kaotik
2023-04-29,586.0,327.54001517137044,2,Kaotik
2023-04-30,593.1111111111111,318.3478181695821,2,Kaotik
2023-05-01,585.7037037037037,326.4085235047091,2,Kaotik
2023-05-02,360.4074074074074,310.29468118836513,2,Kaotik
2023-05-03,551.925925925926,325.318533360994,2,Kaotik
2023-05-04,298.962962962963,279.6286660612443,1,Gunesli
2023-05-05,494.82142857142856,304.32853270783835,2,Kaotik
2023-05-06,491.17857142857144,327.17319612790754,2,Kaotik
2023-05-07,411.89285714285717,238.35894800749162,1,Gunesli
2023-05-08,430.39285714285717,249.69675523866863,1,Gunesli
2023-05-09,561.5172413793103,345.0414696287198,2,Kaotik
2023-05-10,96.55172413793103,57.40058872700607,0,Kapali
2023-05-11,68.75862068965517,54.68393285340102,0,Kapali
2023-05-12,278.2413793103448,202.91353809168749,1,Gunesli
2023-05-13,245.75862068965517,184.19780810942152,1,Gunesli
2023-05-14,291.9655172413793,192.58828824327017,1,Gunesli
2023-05-15,219.17241379310346,128.67291561095,0,Kapali
2023-05-16,446.9310344827586,270.4556909887041,2,Kaotik
2023-05-17,501.3103448275862,281.89411683014646,2,Kaotik
2023-05-18,289.9655172413793,264.49662200902907,1,Gunesli
2023-05-19,93.79310344827586,64.97822674357093,0,Kapali
2023-05-20,394.2413793103448,267.5881236917788,1,Gunesli
2023-05-21,555.0344827586207,315.93167013935835,2,Kaotik
2023-05-22,527.2068965517242,328.29215857115804,2,Kaotik
2023-05-23,552.1034482758621,337.7864228883167,2,Kaotik
2023-05-24,239.41379310344828,167.92207317710952,0,Kapali
2023-05-25,442.3103448275862,366.4022090786763,2,Kaotik
2023-05-26,359.0689655172414,297.84498976990443,1,Gunesli
2023-05-27,515.3448275862069,320.6578367604042,2,Kaotik
2023-05-28,530.3793103448276,293.0011474615639,2,Kaotik
2023-05-29,553.7241379310345,314.05332765445655,2,Kaotik
2023-05-30,370.6551724137931,242.81949143081408,1,Gunesli
2023-05-31,452.82758620689657,296.6244702560458,2,Kaotik
2023-06-01,417.62068965517244,278.78043252109757,2,Kaotik
2023-06-02,501.6551724137931,278.73211356606356,2,Kaotik
2023-06-03,217.31034482758622,155.10897170521204,0,Kapali
2023-06-04,187.89655172413794,127.578363824969,0,Kapali
2023-06-05,296.2068965517241,262.2920100234994,1,Gunesli
2023-06-06,513.7586206896551,338.33264011835763,2,Kaotik
2023-06-07,398.2758620689655,330.6684676046089,2,Kaotik
2023-06-08,494.13793103448273,297.97120236429504,2,Kaotik
2023-06-09,442.0,260.2286082878448,2,Kaotik
2023-06-10,430.0344827586207,255.87978242562895,1,Gunesli
2023-06-11,213.06896551724137,123.20480366170872,0,Kapali
2023-06-12,170.48275862068965,138.7749001311258,0,Kapali
2023-06-13,259.2413793103448,180.15343761289665,1,Gunesli
2023-06-14,566.3793103448276,327.44415159503626,2,Kaotik
2023-06-15,444.0,258.83971874501793,2,Kaotik
2023-06-16,109.24137931034483,80.62685442935508,0,Kapali
2023-06-17,470.58620689655174,269.08701689248875,2,Kaotik
2023-06-18,589.9655172413793,309.20953168160685,2,Kaotik
2023-06-19,633.8620689655172,339.048218667022,2,Kaotik
2023-06-20,453.0344827586207,374.90422422253596,2,Kaotik
2023-06-21,523.0344827586207,262.17149277832584,2,Kaotik
2023-06-22,424.44827586206895,344.1028278838108,2,Kaotik
2023-06-23,595.7,346.7391099152612,2,Kaotik
2023-06-24,618.8333333333334,358.4391530466246,2,Kaotik
2023-06-25,594.3333333333334,341.8154708200816,2,Kaotik
2023-06-26,597.6666666666666,361.8613121009239,2,Kaotik
2023-06-27,572.1666666666666,328.3083163349851,2,Kaotik
2023-06-28,574.1,361.429475163885,2,Kaotik
2023-06-29,437.53333333333336,353.95613729166615,2,Kaotik
2023-06-30,299.6666666666667,251.90793793646577,1,Gunesli
2023-07-01,577.6666666666666,362.22514748601367,2,Kaotik
2023-07-02,580.5,333.4632017128003,2,Kaotik
2023-07-03,618.551724137931,344.3388682063578,2,Kaotik
2023-07-04,423.0344827586207,252.71786679426594,1,Gunesli
2023-07-05,173.6206896551724,109.74919908367164,0,Kapali
2023-07-06,485.41379310344826,297.4970008541958,2,Kaotik
2023-07-07,446.55172413793105,318.3832580629489,2,Kaotik
2023-07-08,532.2068965517242,326.21020603618075,2,Kaotik
2023-07-09,579.7241379310345,317.71515730645586,2,Kaotik
2023-07-10,490.44827586206895,315.42042082262395,2,Kaotik
2023-07-11,607.6206896551724,344.69431735059555,2,Kaotik
2023-07-12,567.2068965517242,334.6975584987507,2,Kaotik
2023-07-13,574.8275862068965,318.66519252360837,2,Kaotik
2023-07-14,562.1034482758621,297.8306499659048,2,Kaotik
2023-07-15,596.3448275862069,338.3019863822082,2,Kaotik
2023-07-16,598.5172413793103,327.1493346961266,2,Kaotik
2023-07-17,548.0,360.2320680577215,2,Kaotik
2023-07-18,472.6551724137931,305.1894348318842,2,Kaotik
2023-07-19,456.9310344827586,332.7246750086412,2,Kaotik
2023-07-20,335.37931034482756,273.5070401017525,1,Gunesli
2023-07-21,566.6206896551724,339.840657387831,2,Kaotik
2023-07-22,565.1724137931035,350.800214709732,2,Kaotik
2023-07-23,544.2413793103449,363.0489592300598,2,Kaotik
2023-07-24,510.0,362.541327693429,2,Kaotik
2023-07-25,430.58620689655174,277.64629570235826,2,Kaotik
2023-07-26,456.62068965517244,286.9891005637052,2,Kaotik
2023-07-27,488.6551724137931,337.57859146977785,2,Kaotik
2023-07-28,357.82758620689657,255.22414084283938,1,Gunesli
2023-07-29,473.9310344827586,337.08094948018504,2,Kaotik
2023-07-30,409.5357142857143,285.80833802507595,2,Kaotik
2023-07-31,470.67857142857144,359.18519452819044,2,Kaotik
2023-08-01,331.67857142857144,333.338894794875,2,Kaotik
2023-08-02,453.92857142857144,260.06978103057463,2,Kaotik
2023-08-03,516.9285714285714,292.4804429766366,2,Kaotik
2023-08-04,550.2142857142857,322.70756824588824,2,Kaotik
2023-08-05,514.7142857142857,326.28785940602694,2,Kaotik
2023-08-06,186.92857142857142,119.11865499683066,0,Kapali
2023-08-07,467.14285714285717,297.91307634644215,2,Kaotik
2023-08-08,486.4642857142857,312.6414917776468,2,Kaotik
2023-08-09,577.2857142857143,330.44188788626855,2,Kaotik
2023-08-10,438.75,259.38525972568874,2,Kaotik
2023-08-11,375.0357142857143,275.61412667966937,1,Gunesli
2023-08-12,356.14814814814815,257.55174292731994,1,Gunesli
2023-08-13,302.3703703703704,195.70899671709373,1,Gunesli
2023-08-14,575.7407407407408,331.2691901660587,2,Kaotik
2023-08-15,597.5925925925926,322.75833532217723,2,Kaotik
2023-08-16,480.037037037037,300.01108716454536,2,Kaotik
2023-08-17,560.2222222222222,327.6595716163269,2,Kaotik
2023-08-18,380.1111111111111,278.3911654949579,1,Gunesli
2023-08-19,494.4074074074074,305.1525796484389,2,Kaotik
2023-08-20,564.4814814814815,322.31880662693743,2,Kaotik
2023-08-21,574.8888888888889,322.4868910076732,2,Kaotik
2023-08-22,493.51851851851853,313.5531325813329,2,Kaotik
2023-08-23,444.3703703703704,311.06209473451884,2,Kaotik
2023-08-24,525.2592592592592,311.1043100599729,2,Kaotik
2023-08-25,80.44444444444444,48.137889549256414,0,Kapali
2023-08-26,320.51851851851853,219.52420058816892,1,Gunesli
2023-08-27,412.0,329.4610984389741,2,Kaotik
2023-08-28,441.6296296296296,254.16759282443002,1,Gunesli
2023-08-29,544.8518518518518,319.44599925299804,2,Kaotik
2023-08-30,532.1851851851852,313.1848848200885,2,Kaotik
2023-08-31,505.962962962963,316.9750635037256,2,Kaotik
2023-09-01,531.4,258.3594072863098,2,Kaotik
2023-09-02,419.52,220.66454933525986,1,Gunesli
2023-09-03,335.64,270.93678229432044,1,Gunesli
2023-09-04,548.72,278.6915140437541,2,Kaotik
2023-09-05,553.96,300.8143779808405,2,Kaotik
2023-09-06,563.44,294.14849991118433,2,Kaotik
2023-09-07,561.84,293.9153336138374,2,Kaotik
2023-09-08,556.52,294.6041298646937,2,Kaotik
2023-09-09,525.04,302.45075081187457,2,Kaotik
2023-09-10,154.8,103.8067114079496,0,Kapali
2023-09-11,270.12,171.33381647143293,1,Gunesli
2023-09-12,524.4,289.5210124786569,2,Kaotik
2023-09-13,511.6,282.74782639895454,2,Kaotik
2023-09-14,335.68,266.0453783348497,1,Gunesli
2023-09-15,202.36,179.47141833729404,0,Kapali
2023-09-16,529.84,296.60322542638227,2,Kaotik
2023-09-17,520.0,295.5912154761482,2,Kaotik
2023-09-18,367.36,242.8934745932875,1,Gunesli
2023-09-19,277.24,249.7000333733792,1,Gunesli
2023-09-20,441.5,282.26244340422215,2,Kaotik
2023-09-21,454.0,270.6602233830068,2,Kaotik
2023-09-22,524.4583333333334,280.80195390851645,2,Kaotik
2023-09-23,456.1666666666667,308.9564014080538,2,Kaotik
2023-09-24,517.625,280.3350189078898,2,Kaotik
2023-09-25,507.875,277.4762524112179,2,Kaotik
2023-09-26,500.0416666666667,276.40305780204176,2,Kaotik
2023-09-27,497.2083333333333,276.65815968237877,2,Kaotik
2023-09-28,481.0833333333333,269.2428864131009,2,Kaotik
2023-09-29,478.1666666666667,280.6465619843279,2,Kaotik
2023-09-30,418.625,250.11628817151362,1,Gunesli
2023-10-01,446.2083333333333,250.72485858036677,1,Gunesli
2023-10-02,362.2083333333333,260.52655362731747,1,Gunesli
2023-10-03,412.60869565217394,232.87818492048092,1,Gunesli
2023-10-04,440.17391304347825,267.6452285759016,2,Kaotik
2023-10-05,473.95652173913044,254.85387582635548,2,Kaotik
2023-10-06,121.17391304347827,72.4409804749626,0,Kapali
2023-10-07,470.17391304347825,256.4905903242869,2,Kaotik
2023-10-08,469.04347826086956,257.7494340459124,2,Kaotik
2023-10-09,447.0,251.6004012412578,1,Gunesli
2023-10-10,432.72727272727275,240.13154764245405,1,Gunesli
2023-10-11,282.8181818181818,203.40497637861375,1,Gunesli
2023-10-12,257.40909090909093,180.57887317521238,1,Gunesli
2023-10-13,468.1363636363636,242.13068007538044,2,Kaotik
2023-10-14,365.04545454545456,231.15125480386774,1,Gunesli
2023-10-15,446.8181818181818,235.08998001041792,1,Gunesli
2023-10-16,437.27272727272725,232.26609981988574,1,Gunesli
2023-10-17,435.40909090909093,236.62863391739046,1,Gunesli
2023-10-18,389.1818181818182,204.1200945203901,1,Gunesli
2023-10-19,427.6363636363636,232.80434160870257,1,Gunesli
2023-10-20,427.5,233.91934914572994,1,Gunesli
2023-10-21,410.6363636363636,224.6030457018073,1,Gunesli
2023-10-22,412.27272727272725,230.55258295341974,1,Gunesli
2023-10-23,394.0,232.18321993427435,1,Gunesli
2023-10-24,296.6363636363636,224.77195754905213,1,Gunesli
2023-10-25,406.04545454545456,231.93194348111342,1,Gunesli
2023-10-26,227.45454545454547,183.28113385172526,1,Gunesli
2023-10-27,295.95454545454544,239.078683456131,1,Gunesli
2023-10-28,91.5,52.549070038438956,0,Kapali
2023-10-29,120.81818181818181,75.67451377202256,0,Kapali
2023-10-30,414.3333333333333,220.6185244564321,1,Gunesli
2023-10-31,423.5,203.94232930956372,1,Gunesli
2023-11-01,147.15,95.17312480007435,0,Kapali
2023-11-02,351.65,202.88297767821464,1,Gunesli
2023-11-03,316.8,189.67495742370474,1,Gunesli
2023-11-04,391.4,200.73113727990534,1,Gunesli
2023-11-05,327.7,181.60834087035823,1,Gunesli
2023-11-06,361.2,189.89736840281856,1,Gunesli
2023-11-07,380.1,199.7890729850122,1,Gunesli
2023-11-08,81.1,67.30050441665978,0,Kapali
2023-11-09,385.8,200.66589147137088,1,Gunesli
2023-11-10,385.95,201.35709964872694,1,Gunesli
2023-11-11,372.8,195.69810261834695,1,Gunesli
2023-11-12,367.45,194.81961292166497,1,Gunesli
2023-11-13,339.95,169.86696807238675,1,Gunesli
2023-11-14,341.55,200.18661688271612,1,Gunesli
2023-11-15,274.45,141.6777198990352,0,Kapali
2023-11-16,286.35,202.03784819994286,1,Gunesli
2023-11-17,344.6,190.1479756178828,1,Gunesli
2023-11-18,282.15,163.86106920193095,1,Gunesli
2023-11-19,200.05,134.29483471667461,0,Kapali
2023-11-20,69.95,58.2530550362179,0,Kapali
2023-11-21,332.05,188.1825751204063,1,Gunesli
2023-11-22,326.85,185.57117374828394,1,Gunesli
2023-11-23,103.45,80.28664108581269,0,Kapali
2023-11-24,53.05,41.578682544126664,0,Kapali
2023-11-25,183.9,126.10851634499885,0,Kapali
2023-11-26,333.15,193.6321186384662,1,Gunesli
2023-11-27,349.05263157894734,182.92483996446026,1,Gunesli
2023-11-28,341.36842105263156,178.78920254693352,1,Gunesli
2023-11-29,315.3157894736842,174.40662978975277,1,Gunesli
2023-11-30,303.3157894736842,178.18375428864906,1,Gunesli
2023-12-01,219.8421052631579,166.86963080264343,0,Kapali
2023-12-02,314.0,171.23570499947334,1,Gunesli
2023-12-03,168.57894736842104,122.41927761657368,0,Kapali
2023-12-04,225.42105263157896,148.9881858811756,0,Kapali
2023-12-05,294.36842105263156,162.4134677387438,1,Gunesli
2023-12-06,314.63157894736844,171.18190796353184,1,Gunesli
2023-12-07,308.1578947368421,168.98759427112944,1,Gunesli
2023-12-08,124.47368421052632,75.7183145473718,0,Kapali
2023-12-09,163.94736842105263,101.62484040398047,0,Kapali
2023-12-10,167.47368421052633,128.05093102227923,0,Kapali
2023-12-11,249.10526315789474,182.99996804396872,1,Gunesli
2023-12-12,49.21052631578947,27.51480197067353,0,Kapali
2023-12-13,143.10526315789474,97.45135238605641,0,Kapali
2023-12-14,122.36842105263158,83.50196972148873,0,Kapali
2023-12-15,292.1578947368421,156.92116320620462,1,Gunesli
2023-12-16,288.0,166.8022781619004,1,Gunesli
2023-12-17,298.05263157894734,166.19482331963775,1,Gunesli
2023-12-18,197.57894736842104,127.62719833321566,0,Kapali
2023-12-19,229.68421052631578,137.33173649216417,0,Kapali
2023-12-20,226.0,135.61055350606836,0,Kapali
2023-12-21,265.36842105263156,172.4458725147355,1,Gunesli
2023-12-22,286.89473684210526,160.35547135343546,1,Gunesli
2023-12-23,181.05263157894737,99.02832012679252,0,Kapali
2023-12-24,118.84210526315789,68.86562048083591,0,Kapali
2023-12-25,254.57894736842104,148.1044360463527,0,Kapali
2023-12-26,187.47368421052633,117.72348412041792,0,Kapali
2023-12-27,278.7368421052632,175.35451142859876,1,Gunesli
2023-12-28,302.8421052631579,169.1926131687704,1,Gunesli
2023-12-29,303.2105263157895,168.93048502839804,1,Gunesli
2023-12-30,299.94736842105266,167.1321744688618,1,Gunesli
2023-12-31,218.94736842105263,122.84835895625798,0,Kapali
